timestamp,habit,state,is_device,self_reported
2024-01-01 06:05:23,Lamp,on,true,true
2024-01-01 06:07:10,CoffeeMaker,on,true,true
2024-01-01 06:45:00,Workout,completed,false,true
2024-01-01 21:30:12,Reading,completed,false,true
2024-01-02 06:12:45,Lamp,on,true,true
2024-01-02 06:14:02,Heater,on,true,true
2024-01-02 07:00:00,Journaling,completed,false,true
2024-01-02 22:10:33,TV,on,true,true
2024-01-03 06:08:17,Lamp,on,true,true
2024-01-03 06:09:55,CoffeeMaker,on,true,true
2024-01-03 18:20:00,Workout,skipped,false,true
2024-01-03 21:45:10,Meditation,completed,false,true
2024-01-04 06:15:32,Lamp,on,true,true
2024-01-04 06:17:11,SmartPlug,on,true,false
2024-01-04 07:05:00,Journaling,completed,false,true
2024-01-04 20:50:44,Reading,completed,false,true
2024-01-05 06:03:58,Lamp,on,true,true
2024-01-05 06:05:12,CoffeeMaker,on,true,true
2024-01-05 17:45:00,Workout,completed,false,true
2024-01-05 22:30:01,TV,on,true,true
2024-01-06 07:45:12,Lamp,on,true,true
2024-01-06 07:47:30,Heater,on,true,true
2024-01-06 08:10:00,Meditation,skipped,false,true
2024-01-06 21:15:22,Reading,completed,false,true
2024-01-07 08:20:33,Lamp,on,true,true
2024-01-07 08:22:05,CoffeeMaker,on,true,true
2024-01-07 18:00:00,Workout,completed,false,true
2024-01-07 22:05:14,TV,on,true,true
2024-01-08 06:07:41,Lamp,on,true,true
2024-01-08 06:09:09,SmartPlug,on,true,false
2024-01-08 07:00:00,Journaling,completed,false,true
2024-01-08 21:40:55,Meditation,completed,false,true
2024-01-09 06:18:55,Lamp,on,true,true
2024-01-09 06:20:21,CoffeeMaker,on,true,true
2024-01-09 17:30:00,Workout,completed,false,true
2024-01-09 22:25:48,Reading,skipped,false,true
2024-01-10 06:05:14,Lamp,on,true,true
2024-01-10 06:06:33,Heater,on,true,true
2024-01-10 07:15:00,Journaling,completed,false,true
2024-01-10 21:55:02,TV,on,true,false
2024-01-11 06:22:08,Lamp,on,true,true
2024-01-11 06:23:50,CoffeeMaker,on,true,true
2024-01-11 18:10:00,Workout,skipped,false,true
2024-01-11 22:10:19,Meditation,completed,false,true
2024-01-12 06:11:37,Lamp,on,true,true
2024-01-12 06:13:05,SmartPlug,on,true,false
2024-01-12 07:05:00,Journaling,completed,false,true
2024-01-12 20:40:36,Reading,completed,false,true
2024-01-13 07:32:19,Lamp,on,true,true
2024-01-13 07:34:44,CoffeeMaker,on,true,true
2024-01-13 17:20:00,Workout,completed,false,true
2024-01-13 22:45:10,TV,on,true,true
2024-01-14 08:15:44,Lamp,on,true,true
2024-01-14 08:17:02,Heater,on,true,true
2024-01-14 09:00:00,Meditation,skipped,false,true
2024-01-14 21:30:28,Reading,completed,false,true
2024-01-15 06:09:28,Lamp,on,true,true
2024-01-15 06:10:55,CoffeeMaker,on,true,true
2024-01-15 18:00:00,Workout,completed,false,true
2024-01-15 22:20:41,TV,on,true,false
2026-01-07 18:23:52,Gooning,on,True,True
2026-01-07 18:24:06,Gooning,on,True,True
2026-01-07 18:24:41,Gooning,on,True,True
2026-01-07 18:30:30,Gooning,on,True,True
2026-01-07 18:30:46,Gooning,on,True,True
2026-01-07 18:31:04,Gooning,on,True,True
2026-01-09 13:25:18,Gooning,on,True,True
2026-01-09 13:25:26,Gooning,on,True,True
2026-01-09 13:28:48,Gooning,on,True,True
2026-01-09 13:29:13,Gooning,on,True,True
2026-01-09 13:29:31,Gooning,on,True,True
2026-01-09 13:30:40,Gooning,on,True,True
2026-01-09 13:31:26,Gooning,on,True,True
2026-01-09 13:34:09,Gooning,on,True,True
2026-01-09 13:37:20,Gooning,on,True,True
2026-01-09 13:42:06,Gooning,on,True,True
2026-01-09 13:42:06,Gooning,on,True,True
2026-01-09 13:44:11,Gooning,on,True,True
2026-01-09 13:44:26,Gooning,on,True,True
2026-01-09 13:44:50,Gooning,on,True,True
2026-01-09 13:46:18,Gooning,on,True,True
2026-01-09 13:46:35,Gooning,on,True,True
2026-01-09 13:48:57,Gooning,on,True,True
2026-01-09 13:52:39,Gooning,on,True,True
2026-01-09 13:52:59,Gooning,on,True,True
2026-01-09 13:56:10,Gooning,on,True,True
2026-01-09 13:57:33,Reading,on,True,True
2026-01-09 13:57:51,Gooning,on,True,True
2026-01-09 13:57:57,TV,on,True,True
2026-01-09 14:07:12,TV,on,True,True
2026-01-09 14:07:13,Reading,on,True,True
2026-01-09 14:22:29,Lamp,on,True,True
2026-01-09 14:22:51,Gooning,on,True,True
2026-01-09 14:24:58,SmartPlug,on,True,True
2026-01-09 14:24:59,Workout,on,True,True
2026-01-09 14:27:36,Reading,on,True,True
2026-01-09 14:27:40,TV,on,True,True
2026-01-09 14:27:43,Gooning,on,True,True
2026-01-09 14:27:45,TV,on,True,True
2026-01-09 14:27:46,Workout,on,True,True
2026-01-09 14:29:47,Heater,on,True,True
2026-01-09 14:31:22,Journaling,on,True,True
2026-01-09 14:31:23,SmartPlug,on,True,True
2026-01-09 14:32:24,Journaling,on,True,True
2026-01-09 14:32:24,Gooning,on,True,True
2026-01-09 14:33:21,Workout,on,True,True
2026-01-09 14:33:22,Heater,on,True,True
2026-01-09 14:35:33,TV,on,True,True
2026-01-09 14:35:38,SmartPlug,on,True,True
2026-01-09 14:35:39,Gooning,on,True,True
2026-01-09 14:36:14,Journaling,on,True,True
2026-01-09 14:36:17,Journaling,on,True,True
2026-01-09 14:42:37,Journaling,on,True,True
2026-01-09 15:26:47,Reading,on,True,True
2026-01-10 17:04:40,CoffeeMaker,on,True,True
2026-01-10 17:06:30,SmartPlug,on,True,True
2026-01-10 17:16:30,Meditation,on,True,True
2026-01-10 17:16:40,Lamp,on,True,True
2026-01-10 17:16:40,Lamp,on,True,True
2026-01-10 17:16:48,Lamp,on,True,True
2026-01-10 17:16:48,Lamp,on,True,True
2026-01-10 17:17:34,CoffeeMaker,on,True,True
2026-01-10 17:17:34,Lamp,on,True,True
2026-01-10 17:17:48,Gooning,on,True,True
2026-01-10 17:17:48,Lamp,on,True,True
2026-01-10 17:17:51,Reading,on,True,True
2026-01-10 17:17:51,Lamp,on,True,True
2026-01-10 17:28:26,Reading,on,True,True
2026-01-10 18:03:48,CoffeeMaker,on,True,True
2026-01-10 18:05:11,Reading,on,True,True
2026-01-10 18:06:49,Meditation,on,True,True
2026-01-10 18:07:56,Journaling,on,True,True
2026-01-10 18:07:56,Workout,on,True,True
2026-01-10 18:08:05,Heater,on,True,True
2026-01-10 18:08:05,Journaling,on,True,True
2026-01-10 18:44:35,Lamp,on,True,True
2026-01-10 18:44:35,Reading,on,True,True
2026-01-10 18:44:35,Gooning,on,True,True
2026-01-10 18:44:57,Lamp,on,True,True
2026-01-10 18:44:57,Lamp,on,True,True
2026-01-10 18:44:57,TV,on,True,True
2026-01-10 18:44:57,SmartPlug,on,True,True
2026-01-10 18:45:36,CoffeeMaker,on,True,True
2026-01-10 18:45:36,Reading,on,True,True
2026-01-10 18:45:36,Reading,on,True,True
2026-01-10 18:45:36,Heater,on,True,True
2026-01-10 18:47:41,CoffeeMaker,on,True,True
2026-01-10 18:47:41,CoffeeMaker,on,True,True
2026-01-10 18:49:47,TV,on,True,True
2026-01-10 18:49:47,Meditation,on,True,True
2026-01-10 18:49:47,Lamp,on,True,True
2026-01-10 18:51:59,Reading,on,True,True
2026-01-10 18:51:59,Heater,on,True,True
2026-01-10 18:51:59,Lamp,on,True,True
2026-01-10 18:56:53,TV,on,True,True
2026-01-10 18:56:53,Gooning,on,True,True
2026-01-10 18:56:53,Lamp,on,True,True
2026-01-10 18:58:43,Journaling,on,True,True
2026-01-10 18:58:43,Lamp,on,True,True
2026-01-10 18:58:43,Lamp,on,True,True
2026-01-10 19:04:34,CoffeeMaker,on,True,True
2026-01-10 19:04:34,Reading,on,True,True
2026-01-10 19:04:34,Lamp,on,True,True
2026-01-10 19:04:40,Lamp,on,True,True
2026-01-10 19:04:40,Gooning,on,True,True
2026-01-10 19:04:40,Lamp,on,True,True
2026-01-10 19:06:41,Reading,on,True,True
2026-01-10 19:06:41,Workout,on,True,True
2026-01-10 19:10:07,Reading,on,True,True
2026-01-10 19:10:07,Meditation,on,True,True
2026-01-10 19:10:17,CoffeeMaker,on,True,True
2026-01-10 19:10:17,Workout,on,True,True
2026-01-10 19:10:17,Lamp,on,True,True
